run,script,target_rps,duration,replicas,requests,failed,successful_rps,p50_ms,p95_ms,p99_ms,error_rate_pct,status,run_id
R01,login,,,,55,0,0.45375986711517086,105.326528,135.9386938,144.49989208000002,0.0,PASS,20261003T115101Z-login-50rps-410549
R02,bootstrap,50,2m,1,6001,0,50.00749987500208,1.478751,2.641791,3.023082,0.0,PASS,20261003T115646Z-bootstrap-50rps-245729
R03,route-geometry,50,2m,1,6000,0,50.00791792033739,1.2234120000000002,2.4261808000000005,2.6983543400000007,0.0,PASS,20261003T120230Z-route-geometry-50rps-43819
R04,forecast-day,50,3m,1,9001,0,50.00444434568121,3.448711,6.82953,7.624518,0.0,PASS,20261003T120656Z-forecast-day-50rps-967048
R05,forecast-week,50,3m,1,9001,0,50.00305540278542,4.72878,9.940408,11.198946,0.0,PASS,20261003T121315Z-forecast-week-50rps-222329
R06,forecast-month,50,3m,1,9001,0,50.00249984723156,12.048894,16.648433,22.132604,0.0,PASS,20261003T121952Z-forecast-month-50rps-192319
R07,scenario,50,3m,1,9001,0,50.005277748456955,3.764265,5.244161,6.004911,0.0,PASS,20261003T122630Z-scenario-50rps-812845
R08,summary,50,2m,1,6001,0,50.00666644445185,3.919638,4.554822,5.404767,0.0,PASS,20261003T123310Z-summary-50rps-813420
R09,mixed-workload,50,3m,1,9001,0,50.00388875926358,4.154,6.24217,24.476442,0.0,PASS,20261003T125735Z-mixed-workload-50rps-609940
R10,mixed-workload,100,3m,1,18001,0,100.00944481174268,1.732687,4.202843,13.949819,0.0,PASS,20261003T130200Z-mixed-workload-100rps-158780
R11,mixed-workload,200,3m,1,36001,0,200.0044444197532,1.49394,3.642025,13.032953,0.0,PASS,20261003T130631Z-mixed-workload-200rps-833642
R12,mixed-workload,300,3m,1,54001,0,300.00555555555553,1.459985,5.60024,13.946871,0.0,PASS,20261003T131057Z-mixed-workload-300rps-405847
R13,mixed-workload,400,3m,1,72001,0,400.0077778209879,1.513875,8.486329,15.820798,0.0,PASS,20261003T131528Z-mixed-workload-400rps-464926
R14,mixed-workload,500,3m,1,90000,0,500.0111113580302,1.7731210000000002,13.145956700000005,22.805155899999995,0.0,PASS,20261003T132003Z-mixed-workload-500rps-361500
R15,mixed-workload,600,3m,1,108001,180,599.0122112467917,2.904877,44.45904,93.827615,0.16666512347107898,FAIL,20261003T132428Z-mixed-workload-600rps-789005
R16,mixed-workload,300,3m,2,54001,0,300.0022221975311,1.553111,6.842368,15.239647,0.0,PASS,20261003T134555Z-mixed-workload-300rps-385818
R17,mixed-workload,500,3m,2,90000,0,500.00555561728464,1.9781460000000002,15.734673450000015,33.47453016,0.0,PASS,20261003T135019Z-mixed-workload-500rps-665159
R18,mixed-workload,400,45m,1,1080001,1,399.99985185190667,1.40468,9.153687,16.980589,9.259250685878995e-05,PASS,20261003T140829Z-mixed-workload-400rps-208599
