calculation_id;forecast_snapshot_id;route_id;from;to;baseline_boardings;evaluated_boardings;baseline_vehicle_hours;evaluated_vehicle_hours;baseline_load_index;evaluated_load_index;required_vehicle_count;fleet_source;fleet_is_proxy;weather_mode;scope;route_pattern_id;route_stop_id;stop_id;sequence;prediction_method
calc_4a2e04886f5939bf817508a7e869b8353931a4c1419e4bffa0bdd795691a5b17;demo-september-2026-v1-stops-v1;demo-01;2026-08-31T21:00:00Z;2026-08-31T22:00:00Z;610;610;10;0;0.9384615384615385;;13;scenario_absolute;false;forecast;route;;;;;
calc_4a2e04886f5939bf817508a7e869b8353931a4c1419e4bffa0bdd795691a5b17;demo-september-2026-v1-stops-v1;demo-01;2026-08-31T21:00:00Z;2026-08-31T22:00:00Z;42.25;42.25;10;0;0.35208333333333336;;5;scenario_absolute;false;forecast;route_stop;demo-01-out;demo-01-out-1;demo-01-stop-1;1;synthetic_mock
calc_4a2e04886f5939bf817508a7e869b8353931a4c1419e4bffa0bdd795691a5b17;demo-september-2026-v1-stops-v1;demo-01;2026-08-31T21:00:00Z;2026-08-31T22:00:00Z;122.7869298087593;122.7869298087593;10;0;1.023224415072994;;14;scenario_absolute;false;forecast;route_stop;demo-01-out;demo-01-out-2;demo-01-stop-2;2;synthetic_mock
calc_4a2e04886f5939bf817508a7e869b8353931a4c1419e4bffa0bdd795691a5b17;demo-september-2026-v1-stops-v1;demo-01;2026-08-31T21:00:00Z;2026-08-31T22:00:00Z;188.80954938085276;188.80954938085276;10;0;1.5734129115071063;;21;scenario_absolute;false;forecast;route_stop;demo-01-out;demo-01-out-3;demo-01-stop-3;3;synthetic_mock
calc_4a2e04886f5939bf817508a7e869b8353931a4c1419e4bffa0bdd795691a5b17;demo-september-2026-v1-stops-v1;demo-01;2026-08-31T22:00:00Z;2026-08-31T23:00:00Z;610;610;10;10;0.9384615384615385;0.9384615384615385;13;observed_vehicle_profile;true;forecast;route;;;;;
calc_4a2e04886f5939bf817508a7e869b8353931a4c1419e4bffa0bdd795691a5b17;demo-september-2026-v1-stops-v1;demo-01;2026-08-31T22:00:00Z;2026-08-31T23:00:00Z;48.13813327608235;48.13813327608235;10;10;0.4011511106340196;0.4011511106340196;6;observed_vehicle_profile;true;forecast;route_stop;demo-01-out;demo-01-out-1;demo-01-stop-1;1;synthetic_mock
calc_4a2e04886f5939bf817508a7e869b8353931a4c1419e4bffa0bdd795691a5b17;demo-september-2026-v1-stops-v1;demo-01;2026-08-31T22:00:00Z;2026-08-31T23:00:00Z;127.84507828424981;127.84507828424981;10;10;1.0653756523687483;1.0653756523687483;15;observed_vehicle_profile;true;forecast;route_stop;demo-01-out;demo-01-out-2;demo-01-stop-2;2;synthetic_mock
calc_4a2e04886f5939bf817508a7e869b8353931a4c1419e4bffa0bdd795691a5b17;demo-september-2026-v1-stops-v1;demo-01;2026-08-31T22:00:00Z;2026-08-31T23:00:00Z;179.34393740679855;179.34393740679855;10;10;1.4945328117233212;1.4945328117233212;20;observed_vehicle_profile;true;forecast;route_stop;demo-01-out;demo-01-out-3;demo-01-stop-3;3;synthetic_mock
calc_4a2e04886f5939bf817508a7e869b8353931a4c1419e4bffa0bdd795691a5b17;demo-september-2026-v1-stops-v1;demo-01;2026-08-31T23:00:00Z;2026-09-01T00:00:00Z;610;610;10;10;0.9384615384615385;0.9384615384615385;13;observed_vehicle_profile;true;forecast;route;;;;;
calc_4a2e04886f5939bf817508a7e869b8353931a4c1419e4bffa0bdd795691a5b17;demo-september-2026-v1-stops-v1;demo-01;2026-08-31T23:00:00Z;2026-09-01T00:00:00Z;53.625;53.625;10;10;0.446875;0.446875;6;observed_vehicle_profile;true;forecast;route_stop;demo-01-out;demo-01-out-1;demo-01-stop-1;1;synthetic_mock
calc_4a2e04886f5939bf817508a7e869b8353931a4c1419e4bffa0bdd795691a5b17;demo-september-2026-v1-stops-v1;demo-01;2026-08-31T23:00:00Z;2026-09-01T00:00:00Z;129.9493313057974;129.9493313057974;10;10;1.0829110942149782;1.0829110942149782;15;observed_vehicle_profile;true;forecast;route_stop;demo-01-out;demo-01-out-2;demo-01-stop-2;2;synthetic_mock
calc_4a2e04886f5939bf817508a7e869b8353931a4c1419e4bffa0bdd795691a5b17;demo-september-2026-v1-stops-v1;demo-01;2026-08-31T23:00:00Z;2026-09-01T00:00:00Z;166.2941355140621;166.2941355140621;10;10;1.3857844626171842;1.3857844626171842;19;observed_vehicle_profile;true;forecast;route_stop;demo-01-out;demo-01-out-3;demo-01-stop-3;3;synthetic_mock
calc_4a2e04886f5939bf817508a7e869b8353931a4c1419e4bffa0bdd795691a5b17;demo-september-2026-v1-stops-v1;demo-01;2026-09-01T00:00:00Z;2026-09-01T01:00:00Z;610;610;10;10;0.9384615384615385;0.9384615384615385;13;observed_vehicle_profile;true;forecast;route;;;;;
calc_4a2e04886f5939bf817508a7e869b8353931a4c1419e4bffa0bdd795691a5b17;demo-september-2026-v1-stops-v1;demo-01;2026-09-01T00:00:00Z;2026-09-01T01:00:00Z;58.33667927199396;58.33667927199396;10;10;0.48613899393328297;0.48613899393328297;7;observed_vehicle_profile;true;forecast;route_stop;demo-01-out;demo-01-out-1;demo-01-stop-1;1;synthetic_mock
calc_4a2e04886f5939bf817508a7e869b8353931a4c1419e4bffa0bdd795691a5b17;demo-september-2026-v1-stops-v1;demo-01;2026-09-01T00:00:00Z;2026-09-01T01:00:00Z;128.95628750742614;128.95628750742614;10;10;1.074635729228551;1.074635729228551;15;observed_vehicle_profile;true;forecast;route_stop;demo-01-out;demo-01-out-2;demo-01-stop-2;2;synthetic_mock
calc_4a2e04886f5939bf817508a7e869b8353931a4c1419e4bffa0bdd795691a5b17;demo-september-2026-v1-stops-v1;demo-01;2026-09-01T00:00:00Z;2026-09-01T01:00:00Z;150.5494661358161;150.5494661358161;10;10;1.254578884465134;1.254578884465134;17;observed_vehicle_profile;true;forecast;route_stop;demo-01-out;demo-01-out-3;demo-01-stop-3;3;synthetic_mock
calc_4a2e04886f5939bf817508a7e869b8353931a4c1419e4bffa0bdd795691a5b17;demo-september-2026-v1-stops-v1;demo-01;2026-09-01T01:00:00Z;2026-09-01T02:00:00Z;610;610;10;10;0.9384615384615385;0.9384615384615385;13;observed_vehicle_profile;true;forecast;route;;;;;
calc_4a2e04886f5939bf817508a7e869b8353931a4c1419e4bffa0bdd795691a5b17;demo-september-2026-v1-stops-v1;demo-01;2026-09-01T01:00:00Z;2026-09-01T02:00:00Z;61.95207793609598;61.95207793609598;10;10;0.5162673161341332;0.5162673161341332;7;observed_vehicle_profile;true;forecast;route_stop;demo-01-out;demo-01-out-1;demo-01-stop-1;1;synthetic_mock
calc_4a2e04886f5939bf817508a7e869b8353931a4c1419e4bffa0bdd795691a5b17;demo-september-2026-v1-stops-v1;demo-01;2026-09-01T01:00:00Z;2026-09-01T02:00:00Z;124.93362118291256;124.93362118291256;10;10;1.0411135098576048;1.0411135098576048;14;observed_vehicle_profile;true;forecast;route_stop;demo-01-out;demo-01-out-2;demo-01-stop-2;2;synthetic_mock
calc_4a2e04886f5939bf817508a7e869b8353931a4c1419e4bffa0bdd795691a5b17;demo-september-2026-v1-stops-v1;demo-01;2026-09-01T01:00:00Z;2026-09-01T02:00:00Z;133.18290247089163;133.18290247089163;10;10;1.1098575205907637;1.1098575205907637;15;observed_vehicle_profile;true;forecast;route_stop;demo-01-out;demo-01-out-3;demo-01-stop-3;3;synthetic_mock
calc_4a2e04886f5939bf817508a7e869b8353931a4c1419e4bffa0bdd795691a5b17;demo-september-2026-v1-stops-v1;demo-01;2026-09-01T02:00:00Z;2026-09-01T03:00:00Z;610;610;10;10;0.9384615384615385;0.9384615384615385;13;observed_vehicle_profile;true;forecast;route;;;;;
calc_4a2e04886f5939bf817508a7e869b8353931a4c1419e4bffa0bdd795691a5b17;demo-september-2026-v1-stops-v1;demo-01;2026-09-01T02:00:00Z;2026-09-01T03:00:00Z;64.22481254807632;64.22481254807632;10;10;0.5352067712339693;0.5352067712339693;8;observed_vehicle_profile;true;forecast;route_stop;demo-01-out;demo-01-out-1;demo-01-stop-1;1;synthetic_mock
calc_4a2e04886f5939bf817508a7e869b8353931a4c1419e4bffa0bdd795691a5b17;demo-september-2026-v1-stops-v1;demo-01;2026-09-01T02:00:00Z;2026-09-01T03:00:00Z;118.15547039450182;118.15547039450182;10;10;0.9846289199541818;0.9846289199541818;14;observed_vehicle_profile;true;forecast;route_stop;demo-01-out;demo-01-out-2;demo-01-stop-2;2;synthetic_mock
calc_4a2e04886f5939bf817508a7e869b8353931a4c1419e4bffa0bdd795691a5b17;demo-september-2026-v1-stops-v1;demo-01;2026-09-01T02:00:00Z;2026-09-01T03:00:00Z;115.37794713344984;115.37794713344984;10;10;0.9614828927787487;0.9614828927787487;13;observed_vehicle_profile;true;forecast;route_stop;demo-01-out;demo-01-out-3;demo-01-stop-3;3;synthetic_mock
calc_4a2e04886f5939bf817508a7e869b8353931a4c1419e4bffa0bdd795691a5b17;demo-september-2026-v1-stops-v1;demo-01;2026-09-01T03:00:00Z;2026-09-01T04:00:00Z;610;610;10;10;0.9384615384615385;0.9384615384615385;13;observed_vehicle_profile;true;forecast;route;;;;;
calc_4a2e04886f5939bf817508a7e869b8353931a4c1419e4bffa0bdd795691a5b17;demo-september-2026-v1-stops-v1;demo-01;2026-09-01T03:00:00Z;2026-09-01T04:00:00Z;65;65;10;10;0.5416666666666666;0.5416666666666666;8;observed_vehicle_profile;true;forecast;route_stop;demo-01-out;demo-01-out-1;demo-01-stop-1;1;synthetic_mock
calc_4a2e04886f5939bf817508a7e869b8353931a4c1419e4bffa0bdd795691a5b17;demo-september-2026-v1-stops-v1;demo-01;2026-09-01T03:00:00Z;2026-09-01T04:00:00Z;109.08375491700036;109.08375491700036;10;10;0.909031290975003;0.909031290975003;13;observed_vehicle_profile;true;forecast;route_stop;demo-01-out;demo-01-out-2;demo-01-stop-2;2;synthetic_mock
calc_4a2e04886f5939bf817508a7e869b8353931a4c1419e4bffa0bdd795691a5b17;demo-september-2026-v1-stops-v1;demo-01;2026-09-01T03:00:00Z;2026-09-01T04:00:00Z;98.34797840565753;98.34797840565753;10;10;0.8195664867138127;0.8195664867138127;11;observed_vehicle_profile;true;forecast;route_stop;demo-01-out;demo-01-out-3;demo-01-stop-3;3;synthetic_mock
calc_4a2e04886f5939bf817508a7e869b8353931a4c1419e4bffa0bdd795691a5b17;demo-september-2026-v1-stops-v1;demo-01;2026-09-01T04:00:00Z;2026-09-01T05:00:00Z;610;610;10;10;0.9384615384615385;0.9384615384615385;13;observed_vehicle_profile;true;forecast;route;;;;;
calc_4a2e04886f5939bf817508a7e869b8353931a4c1419e4bffa0bdd795691a5b17;demo-september-2026-v1-stops-v1;demo-01;2026-09-01T04:00:00Z;2026-09-01T05:00:00Z;64.22481254807632;64.22481254807632;10;10;0.5352067712339693;0.5352067712339693;8;observed_vehicle_profile;true;forecast;route_stop;demo-01-out;demo-01-out-1;demo-01-stop-1;1;synthetic_mock
calc_4a2e04886f5939bf817508a7e869b8353931a4c1419e4bffa0bdd795691a5b17;demo-september-2026-v1-stops-v1;demo-01;2026-09-01T04:00:00Z;2026-09-01T05:00:00Z;98.33669716848121;98.33669716848121;10;10;0.8194724764040101;0.8194724764040101;11;observed_vehicle_profile;true;forecast;route_stop;demo-01-out;demo-01-out-2;demo-01-stop-2;2;synthetic_mock
calc_4a2e04886f5939bf817508a7e869b8353931a4c1419e4bffa0bdd795691a5b17;demo-september-2026-v1-stops-v1;demo-01;2026-09-01T04:00:00Z;2026-09-01T05:00:00Z;83.25356051295978;83.25356051295978;10;10;0.6937796709413315;0.6937796709413315;10;observed_vehicle_profile;true;forecast;route_stop;demo-01-out;demo-01-out-3;demo-01-stop-3;3;synthetic_mock
calc_4a2e04886f5939bf817508a7e869b8353931a4c1419e4bffa0bdd795691a5b17;demo-september-2026-v1-stops-v1;demo-01;2026-09-01T05:00:00Z;2026-09-01T06:00:00Z;610;610;10;10;0.9384615384615385;0.9384615384615385;13;observed_vehicle_profile;true;forecast;route;;;;;
calc_4a2e04886f5939bf817508a7e869b8353931a4c1419e4bffa0bdd795691a5b17;demo-september-2026-v1-stops-v1;demo-01;2026-09-01T05:00:00Z;2026-09-01T06:00:00Z;61.95207793609598;61.95207793609598;10;10;0.5162673161341332;0.5162673161341332;7;observed_vehicle_profile;true;forecast;route_stop;demo-01-out;demo-01-out-1;demo-01-stop-1;1;synthetic_mock
calc_4a2e04886f5939bf817508a7e869b8353931a4c1419e4bffa0bdd795691a5b17;demo-september-2026-v1-stops-v1;demo-01;2026-09-01T05:00:00Z;2026-09-01T06:00:00Z;86.64669137415329;86.64669137415329;10;10;0.7220557614512775;0.7220557614512775;10;observed_vehicle_profile;true;forecast;route_stop;demo-01-out;demo-01-out-2;demo-01-stop-2;2;synthetic_mock
calc_4a2e04886f5939bf817508a7e869b8353931a4c1419e4bffa0bdd795691a5b17;demo-september-2026-v1-stops-v1;demo-01;2026-09-01T05:00:00Z;2026-09-01T06:00:00Z;71.12335309003888;71.12335309003888;10;10;0.5926946090836573;0.5926946090836573;8;observed_vehicle_profile;true;forecast;route_stop;demo-01-out;demo-01-out-3;demo-01-stop-3;3;synthetic_mock
calc_4a2e04886f5939bf817508a7e869b8353931a4c1419e4bffa0bdd795691a5b17;demo-september-2026-v1-stops-v1;demo-01;2026-09-01T06:00:00Z;2026-09-01T07:00:00Z;610;610;10;10;0.9384615384615385;0.9384615384615385;13;observed_vehicle_profile;true;forecast;route;;;;;
calc_4a2e04886f5939bf817508a7e869b8353931a4c1419e4bffa0bdd795691a5b17;demo-september-2026-v1-stops-v1;demo-01;2026-09-01T06:00:00Z;2026-09-01T07:00:00Z;58.336679271993965;58.336679271993965;10;10;0.486138993933283;0.486138993933283;7;observed_vehicle_profile;true;forecast;route_stop;demo-01-out;demo-01-out-1;demo-01-stop-1;1;synthetic_mock
calc_4a2e04886f5939bf817508a7e869b8353931a4c1419e4bffa0bdd795691a5b17;demo-september-2026-v1-stops-v1;demo-01;2026-09-01T06:00:00Z;2026-09-01T07:00:00Z;74.81039211025204;74.81039211025204;10;10;0.6234199342521003;0.6234199342521003;9;observed_vehicle_profile;true;forecast;route_stop;demo-01-out;demo-01-out-2;demo-01-stop-2;2;synthetic_mock
calc_4a2e04886f5939bf817508a7e869b8353931a4c1419e4bffa0bdd795691a5b17;demo-september-2026-v1-stops-v1;demo-01;2026-09-01T06:00:00Z;2026-09-01T07:00:00Z;62.784009726651284;62.784009726651284;10;10;0.5232000810554274;0.5232000810554274;7;observed_vehicle_profile;true;forecast;route_stop;demo-01-out;demo-01-out-3;demo-01-stop-3;3;synthetic_mock
calc_4a2e04886f5939bf817508a7e869b8353931a4c1419e4bffa0bdd795691a5b17;demo-september-2026-v1-stops-v1;demo-01;2026-09-01T07:00:00Z;2026-09-01T08:00:00Z;610;610;10;10;0.9384615384615385;0.9384615384615385;13;observed_vehicle_profile;true;forecast;route;;;;;
calc_4a2e04886f5939bf817508a7e869b8353931a4c1419e4bffa0bdd795691a5b17;demo-september-2026-v1-stops-v1;demo-01;2026-09-01T07:00:00Z;2026-09-01T08:00:00Z;53.625;53.625;10;10;0.446875;0.446875;6;observed_vehicle_profile;true;forecast;route_stop;demo-01-out;demo-01-out-1;demo-01-stop-1;1;synthetic_mock
calc_4a2e04886f5939bf817508a7e869b8353931a4c1419e4bffa0bdd795691a5b17;demo-september-2026-v1-stops-v1;demo-01;2026-09-01T07:00:00Z;2026-09-01T08:00:00Z;63.63442361120296;63.63442361120296;10;10;0.5302868634266914;0.5302868634266914;8;observed_vehicle_profile;true;forecast;route_stop;demo-01-out;demo-01-out-2;demo-01-stop-2;2;synthetic_mock
calc_4a2e04886f5939bf817508a7e869b8353931a4c1419e4bffa0bdd795691a5b17;demo-september-2026-v1-stops-v1;demo-01;2026-09-01T07:00:00Z;2026-09-01T08:00:00Z;58.803842891595444;58.803842891595444;10;10;0.4900320240966287;0.4900320240966287;7;observed_vehicle_profile;true;forecast;route_stop;demo-01-out;demo-01-out-3;demo-01-stop-3;3;synthetic_mock
calc_4a2e04886f5939bf817508a7e869b8353931a4c1419e4bffa0bdd795691a5b17;demo-september-2026-v1-stops-v1;demo-01;2026-09-01T08:00:00Z;2026-09-01T09:00:00Z;610;610;10;10;0.9384615384615385;0.9384615384615385;13;observed_vehicle_profile;true;forecast;route;;;;;
calc_4a2e04886f5939bf817508a7e869b8353931a4c1419e4bffa0bdd795691a5b17;demo-september-2026-v1-stops-v1;demo-01;2026-09-01T08:00:00Z;2026-09-01T09:00:00Z;48.13813327608236;48.13813327608236;10;10;0.40115111063401965;0.40115111063401965;6;observed_vehicle_profile;true;forecast;route_stop;demo-01-out;demo-01-out-1;demo-01-stop-1;1;synthetic_mock
calc_4a2e04886f5939bf817508a7e869b8353931a4c1419e4bffa0bdd795691a5b17;demo-september-2026-v1-stops-v1;demo-01;2026-09-01T08:00:00Z;2026-09-01T09:00:00Z;53.88040966105507;53.88040966105507;10;10;0.44900341384212555;0.44900341384212555;6;observed_vehicle_profile;true;forecast;route_stop;demo-01-out;demo-01-out-2;demo-01-stop-2;2;synthetic_mock
calc_4a2e04886f5939bf817508a7e869b8353931a4c1419e4bffa0bdd795691a5b17;demo-september-2026-v1-stops-v1;demo-01;2026-09-01T08:00:00Z;2026-09-01T09:00:00Z;59.45409437714366;59.45409437714366;10;10;0.49545078647619717;0.49545078647619717;7;observed_vehicle_profile;true;forecast;route_stop;demo-01-out;demo-01-out-3;demo-01-stop-3;3;synthetic_mock
calc_4a2e04886f5939bf817508a7e869b8353931a4c1419e4bffa0bdd795691a5b17;demo-september-2026-v1-stops-v1;demo-01;2026-09-01T09:00:00Z;2026-09-01T10:00:00Z;610;610;10;10;0.9384615384615385;0.9384615384615385;13;observed_vehicle_profile;true;forecast;route;;;;;
calc_4a2e04886f5939bf817508a7e869b8353931a4c1419e4bffa0bdd795691a5b17;demo-september-2026-v1-stops-v1;demo-01;2026-09-01T09:00:00Z;2026-09-01T10:00:00Z;42.25;42.25;10;10;0.35208333333333336;0.35208333333333336;5;observed_vehicle_profile;true;forecast;route_stop;demo-01-out;demo-01-out-1;demo-01-stop-1;1;synthetic_mock
calc_4a2e04886f5939bf817508a7e869b8353931a4c1419e4bffa0bdd795691a5b17;demo-september-2026-v1-stops-v1;demo-01;2026-09-01T09:00:00Z;2026-09-01T10:00:00Z;46.21307019124072;46.21307019124072;10;10;0.38510891826033933;0.38510891826033933;6;observed_vehicle_profile;true;forecast;route_stop;demo-01-out;demo-01-out-2;demo-01-stop-2;2;synthetic_mock
calc_4a2e04886f5939bf817508a7e869b8353931a4c1419e4bffa0bdd795691a5b17;demo-september-2026-v1-stops-v1;demo-01;2026-09-01T09:00:00Z;2026-09-01T10:00:00Z;64.69045061914723;64.69045061914723;10;10;0.5390870884928936;0.5390870884928936;8;observed_vehicle_profile;true;forecast;route_stop;demo-01-out;demo-01-out-3;demo-01-stop-3;3;synthetic_mock
calc_4a2e04886f5939bf817508a7e869b8353931a4c1419e4bffa0bdd795691a5b17;demo-september-2026-v1-stops-v1;demo-01;2026-09-01T10:00:00Z;2026-09-01T11:00:00Z;610;610;10;10;0.9384615384615385;0.9384615384615385;13;observed_vehicle_profile;true;forecast;route;;;;;
calc_4a2e04886f5939bf817508a7e869b8353931a4c1419e4bffa0bdd795691a5b17;demo-september-2026-v1-stops-v1;demo-01;2026-09-01T10:00:00Z;2026-09-01T11:00:00Z;36.36186672391766;36.36186672391766;10;10;0.3030155560326471;0.3030155560326471;5;observed_vehicle_profile;true;forecast;route_stop;demo-01-out;demo-01-out-1;demo-01-stop-1;1;synthetic_mock
calc_4a2e04886f5939bf817508a7e869b8353931a4c1419e4bffa0bdd795691a5b17;demo-september-2026-v1-stops-v1;demo-01;2026-09-01T10:00:00Z;2026-09-01T11:00:00Z;41.154921715750206;41.154921715750206;10;10;0.34295768096458507;0.34295768096458507;5;observed_vehicle_profile;true;forecast;route_stop;demo-01-out;demo-01-out-2;demo-01-stop-2;2;synthetic_mock
calc_4a2e04886f5939bf817508a7e869b8353931a4c1419e4bffa0bdd795691a5b17;demo-september-2026-v1-stops-v1;demo-01;2026-09-01T10:00:00Z;2026-09-01T11:00:00Z;74.15606259320143;74.15606259320143;10;10;0.6179671882766785;0.6179671882766785;9;observed_vehicle_profile;true;forecast;route_stop;demo-01-out;demo-01-out-3;demo-01-stop-3;3;synthetic_mock
calc_4a2e04886f5939bf817508a7e869b8353931a4c1419e4bffa0bdd795691a5b17;demo-september-2026-v1-stops-v1;demo-01;2026-09-01T11:00:00Z;2026-09-01T12:00:00Z;610;610;10;10;0.9384615384615385;0.9384615384615385;13;observed_vehicle_profile;true;forecast;route;;;;;
calc_4a2e04886f5939bf817508a7e869b8353931a4c1419e4bffa0bdd795691a5b17;demo-september-2026-v1-stops-v1;demo-01;2026-09-01T11:00:00Z;2026-09-01T12:00:00Z;30.875000000000007;30.875000000000007;10;10;0.25729166666666675;0.25729166666666675;4;observed_vehicle_profile;true;forecast;route_stop;demo-01-out;demo-01-out-1;demo-01-stop-1;1;synthetic_mock
calc_4a2e04886f5939bf817508a7e869b8353931a4c1419e4bffa0bdd795691a5b17;demo-september-2026-v1-stops-v1;demo-01;2026-09-01T11:00:00Z;2026-09-01T12:00:00Z;39.050668694202606;39.050668694202606;10;10;0.32542223911835505;0.32542223911835505;5;observed_vehicle_profile;true;forecast;route_stop;demo-01-out;demo-01-out-2;demo-01-stop-2;2;synthetic_mock
calc_4a2e04886f5939bf817508a7e869b8353931a4c1419e4bffa0bdd795691a5b17;demo-september-2026-v1-stops-v1;demo-01;2026-09-01T11:00:00Z;2026-09-01T12:00:00Z;87.20586448593787;87.20586448593787;10;10;0.7267155373828156;0.7267155373828156;10;observed_vehicle_profile;true;forecast;route_stop;demo-01-out;demo-01-out-3;demo-01-stop-3;3;synthetic_mock
calc_4a2e04886f5939bf817508a7e869b8353931a4c1419e4bffa0bdd795691a5b17;demo-september-2026-v1-stops-v1;demo-01;2026-09-01T12:00:00Z;2026-09-01T13:00:00Z;610;610;10;10;0.9384615384615385;0.9384615384615385;13;observed_vehicle_profile;true;forecast;route;;;;;
calc_4a2e04886f5939bf817508a7e869b8353931a4c1419e4bffa0bdd795691a5b17;demo-september-2026-v1-stops-v1;demo-01;2026-09-01T12:00:00Z;2026-09-01T13:00:00Z;26.163320728006056;26.163320728006056;10;10;0.2180276727333838;0.2180276727333838;3;observed_vehicle_profile;true;forecast;route_stop;demo-01-out;demo-01-out-1;demo-01-stop-1;1;synthetic_mock
calc_4a2e04886f5939bf817508a7e869b8353931a4c1419e4bffa0bdd795691a5b17;demo-september-2026-v1-stops-v1;demo-01;2026-09-01T12:00:00Z;2026-09-01T13:00:00Z;40.04371249257385;40.04371249257385;10;10;0.3336976041047821;0.3336976041047821;5;observed_vehicle_profile;true;forecast;route_stop;demo-01-out;demo-01-out-2;demo-01-stop-2;2;synthetic_mock
calc_4a2e04886f5939bf817508a7e869b8353931a4c1419e4bffa0bdd795691a5b17;demo-september-2026-v1-stops-v1;demo-01;2026-09-01T12:00:00Z;2026-09-01T13:00:00Z;102.95053386418385;102.95053386418385;10;10;0.8579211155348655;0.8579211155348655;12;observed_vehicle_profile;true;forecast;route_stop;demo-01-out;demo-01-out-3;demo-01-stop-3;3;synthetic_mock
calc_4a2e04886f5939bf817508a7e869b8353931a4c1419e4bffa0bdd795691a5b17;demo-september-2026-v1-stops-v1;demo-01;2026-09-01T13:00:00Z;2026-09-01T14:00:00Z;610;610;10;10;0.9384615384615385;0.9384615384615385;13;observed_vehicle_profile;true;forecast;route;;;;;
calc_4a2e04886f5939bf817508a7e869b8353931a4c1419e4bffa0bdd795691a5b17;demo-september-2026-v1-stops-v1;demo-01;2026-09-01T13:00:00Z;2026-09-01T14:00:00Z;22.54792206390403;22.54792206390403;10;10;0.18789935053253357;0.18789935053253357;3;observed_vehicle_profile;true;forecast;route_stop;demo-01-out;demo-01-out-1;demo-01-stop-1;1;synthetic_mock
calc_4a2e04886f5939bf817508a7e869b8353931a4c1419e4bffa0bdd795691a5b17;demo-september-2026-v1-stops-v1;demo-01;2026-09-01T13:00:00Z;2026-09-01T14:00:00Z;44.06637881708744;44.06637881708744;10;10;0.3672198234757287;0.3672198234757287;5;observed_vehicle_profile;true;forecast;route_stop;demo-01-out;demo-01-out-2;demo-01-stop-2;2;synthetic_mock
calc_4a2e04886f5939bf817508a7e869b8353931a4c1419e4bffa0bdd795691a5b17;demo-september-2026-v1-stops-v1;demo-01;2026-09-01T13:00:00Z;2026-09-01T14:00:00Z;120.31709752910837;120.31709752910837;10;10;1.0026424794092363;1.0026424794092363;14;observed_vehicle_profile;true;forecast;route_stop;demo-01-out;demo-01-out-3;demo-01-stop-3;3;synthetic_mock
calc_4a2e04886f5939bf817508a7e869b8353931a4c1419e4bffa0bdd795691a5b17;demo-september-2026-v1-stops-v1;demo-01;2026-09-01T14:00:00Z;2026-09-01T15:00:00Z;610;610;10;10;0.9384615384615385;0.9384615384615385;13;observed_vehicle_profile;true;forecast;route;;;;;
calc_4a2e04886f5939bf817508a7e869b8353931a4c1419e4bffa0bdd795691a5b17;demo-september-2026-v1-stops-v1;demo-01;2026-09-01T14:00:00Z;2026-09-01T15:00:00Z;20.2751874519237;20.2751874519237;10;10;0.1689598954326975;0.1689598954326975;3;observed_vehicle_profile;true;forecast;route_stop;demo-01-out;demo-01-out-1;demo-01-stop-1;1;synthetic_mock
calc_4a2e04886f5939bf817508a7e869b8353931a4c1419e4bffa0bdd795691a5b17;demo-september-2026-v1-stops-v1;demo-01;2026-09-01T14:00:00Z;2026-09-01T15:00:00Z;50.844529605498174;50.844529605498174;10;10;0.42370441337915143;0.42370441337915143;6;observed_vehicle_profile;true;forecast;route_stop;demo-01-out;demo-01-out-2;demo-01-stop-2;2;synthetic_mock
calc_4a2e04886f5939bf817508a7e869b8353931a4c1419e4bffa0bdd795691a5b17;demo-september-2026-v1-stops-v1;demo-01;2026-09-01T14:00:00Z;2026-09-01T15:00:00Z;138.12205286655018;138.12205286655018;10;10;1.1510171072212514;1.1510171072212514;16;observed_vehicle_profile;true;forecast;route_stop;demo-01-out;demo-01-out-3;demo-01-stop-3;3;synthetic_mock
calc_4a2e04886f5939bf817508a7e869b8353931a4c1419e4bffa0bdd795691a5b17;demo-september-2026-v1-stops-v1;demo-01;2026-09-01T15:00:00Z;2026-09-01T16:00:00Z;610;610;10;10;0.9384615384615385;0.9384615384615385;13;observed_vehicle_profile;true;forecast;route;;;;;
calc_4a2e04886f5939bf817508a7e869b8353931a4c1419e4bffa0bdd795691a5b17;demo-september-2026-v1-stops-v1;demo-01;2026-09-01T15:00:00Z;2026-09-01T16:00:00Z;19.500000000000004;19.500000000000004;10;10;0.16250000000000003;0.16250000000000003;3;observed_vehicle_profile;true;forecast;route_stop;demo-01-out;demo-01-out-1;demo-01-stop-1;1;synthetic_mock
calc_4a2e04886f5939bf817508a7e869b8353931a4c1419e4bffa0bdd795691a5b17;demo-september-2026-v1-stops-v1;demo-01;2026-09-01T15:00:00Z;2026-09-01T16:00:00Z;59.91624508299964;59.91624508299964;10;10;0.4993020423583303;0.4993020423583303;7;observed_vehicle_profile;true;forecast;route_stop;demo-01-out;demo-01-out-2;demo-01-stop-2;2;synthetic_mock
calc_4a2e04886f5939bf817508a7e869b8353931a4c1419e4bffa0bdd795691a5b17;demo-september-2026-v1-stops-v1;demo-01;2026-09-01T15:00:00Z;2026-09-01T16:00:00Z;155.15202159434244;155.15202159434244;10;10;1.292933513286187;1.292933513286187;18;observed_vehicle_profile;true;forecast;route_stop;demo-01-out;demo-01-out-3;demo-01-stop-3;3;synthetic_mock
calc_4a2e04886f5939bf817508a7e869b8353931a4c1419e4bffa0bdd795691a5b17;demo-september-2026-v1-stops-v1;demo-01;2026-09-01T16:00:00Z;2026-09-01T17:00:00Z;610;610;10;10;0.9384615384615385;0.9384615384615385;13;observed_vehicle_profile;true;forecast;route;;;;;
calc_4a2e04886f5939bf817508a7e869b8353931a4c1419e4bffa0bdd795691a5b17;demo-september-2026-v1-stops-v1;demo-01;2026-09-01T16:00:00Z;2026-09-01T17:00:00Z;20.2751874519237;20.2751874519237;10;10;0.1689598954326975;0.1689598954326975;3;observed_vehicle_profile;true;forecast;route_stop;demo-01-out;demo-01-out-1;demo-01-stop-1;1;synthetic_mock
calc_4a2e04886f5939bf817508a7e869b8353931a4c1419e4bffa0bdd795691a5b17;demo-september-2026-v1-stops-v1;demo-01;2026-09-01T16:00:00Z;2026-09-01T17:00:00Z;70.66330283151878;70.66330283151878;10;10;0.5888608569293231;0.5888608569293231;8;observed_vehicle_profile;true;forecast;route_stop;demo-01-out;demo-01-out-2;demo-01-stop-2;2;synthetic_mock
calc_4a2e04886f5939bf817508a7e869b8353931a4c1419e4bffa0bdd795691a5b17;demo-september-2026-v1-stops-v1;demo-01;2026-09-01T16:00:00Z;2026-09-01T17:00:00Z;170.24643948704025;170.24643948704025;10;10;1.4187203290586687;1.4187203290586687;19;observed_vehicle_profile;true;forecast;route_stop;demo-01-out;demo-01-out-3;demo-01-stop-3;3;synthetic_mock
calc_4a2e04886f5939bf817508a7e869b8353931a4c1419e4bffa0bdd795691a5b17;demo-september-2026-v1-stops-v1;demo-01;2026-09-01T17:00:00Z;2026-09-01T18:00:00Z;610;610;10;10;0.9384615384615385;0.9384615384615385;13;observed_vehicle_profile;true;forecast;route;;;;;
calc_4a2e04886f5939bf817508a7e869b8353931a4c1419e4bffa0bdd795691a5b17;demo-september-2026-v1-stops-v1;demo-01;2026-09-01T17:00:00Z;2026-09-01T18:00:00Z;22.547922063904025;22.547922063904025;10;10;0.18789935053253354;0.18789935053253354;3;observed_vehicle_profile;true;forecast;route_stop;demo-01-out;demo-01-out-1;demo-01-stop-1;1;synthetic_mock
calc_4a2e04886f5939bf817508a7e869b8353931a4c1419e4bffa0bdd795691a5b17;demo-september-2026-v1-stops-v1;demo-01;2026-09-01T17:00:00Z;2026-09-01T18:00:00Z;82.35330862584674;82.35330862584674;10;10;0.6862775718820562;0.6862775718820562;10;observed_vehicle_profile;true;forecast;route_stop;demo-01-out;demo-01-out-2;demo-01-stop-2;2;synthetic_mock
calc_4a2e04886f5939bf817508a7e869b8353931a4c1419e4bffa0bdd795691a5b17;demo-september-2026-v1-stops-v1;demo-01;2026-09-01T17:00:00Z;2026-09-01T18:00:00Z;182.37664690996118;182.37664690996118;10;10;1.5198053909163431;1.5198053909163431;21;observed_vehicle_profile;true;forecast;route_stop;demo-01-out;demo-01-out-3;demo-01-stop-3;3;synthetic_mock
calc_4a2e04886f5939bf817508a7e869b8353931a4c1419e4bffa0bdd795691a5b17;demo-september-2026-v1-stops-v1;demo-01;2026-09-01T18:00:00Z;2026-09-01T19:00:00Z;610;610;10;10;0.9384615384615385;0.9384615384615385;13;observed_vehicle_profile;true;forecast;route;;;;;
calc_4a2e04886f5939bf817508a7e869b8353931a4c1419e4bffa0bdd795691a5b17;demo-september-2026-v1-stops-v1;demo-01;2026-09-01T18:00:00Z;2026-09-01T19:00:00Z;26.163320728006042;26.163320728006042;10;10;0.2180276727333837;0.2180276727333837;3;observed_vehicle_profile;true;forecast;route_stop;demo-01-out;demo-01-out-1;demo-01-stop-1;1;synthetic_mock
calc_4a2e04886f5939bf817508a7e869b8353931a4c1419e4bffa0bdd795691a5b17;demo-september-2026-v1-stops-v1;demo-01;2026-09-01T18:00:00Z;2026-09-01T19:00:00Z;94.18960788974798;94.18960788974798;10;10;0.7849133990812331;0.7849133990812331;11;observed_vehicle_profile;true;forecast;route_stop;demo-01-out;demo-01-out-2;demo-01-stop-2;2;synthetic_mock
calc_4a2e04886f5939bf817508a7e869b8353931a4c1419e4bffa0bdd795691a5b17;demo-september-2026-v1-stops-v1;demo-01;2026-09-01T18:00:00Z;2026-09-01T19:00:00Z;190.71599027334872;190.71599027334872;10;10;1.5892999189445727;1.5892999189445727;22;observed_vehicle_profile;true;forecast;route_stop;demo-01-out;demo-01-out-3;demo-01-stop-3;3;synthetic_mock
calc_4a2e04886f5939bf817508a7e869b8353931a4c1419e4bffa0bdd795691a5b17;demo-september-2026-v1-stops-v1;demo-01;2026-09-01T19:00:00Z;2026-09-01T20:00:00Z;610;610;10;10;0.9384615384615385;0.9384615384615385;13;observed_vehicle_profile;true;forecast;route;;;;;
calc_4a2e04886f5939bf817508a7e869b8353931a4c1419e4bffa0bdd795691a5b17;demo-september-2026-v1-stops-v1;demo-01;2026-09-01T19:00:00Z;2026-09-01T20:00:00Z;30.874999999999993;30.874999999999993;10;10;0.2572916666666666;0.2572916666666666;4;observed_vehicle_profile;true;forecast;route_stop;demo-01-out;demo-01-out-1;demo-01-stop-1;1;synthetic_mock
calc_4a2e04886f5939bf817508a7e869b8353931a4c1419e4bffa0bdd795691a5b17;demo-september-2026-v1-stops-v1;demo-01;2026-09-01T19:00:00Z;2026-09-01T20:00:00Z;105.36557638879702;105.36557638879702;10;10;0.8780464699066418;0.8780464699066418;12;observed_vehicle_profile;true;forecast;route_stop;demo-01-out;demo-01-out-2;demo-01-stop-2;2;synthetic_mock
calc_4a2e04886f5939bf817508a7e869b8353931a4c1419e4bffa0bdd795691a5b17;demo-september-2026-v1-stops-v1;demo-01;2026-09-01T19:00:00Z;2026-09-01T20:00:00Z;194.69615710840458;194.69615710840458;10;10;1.6224679759033716;1.6224679759033716;22;observed_vehicle_profile;true;forecast;route_stop;demo-01-out;demo-01-out-3;demo-01-stop-3;3;synthetic_mock
calc_4a2e04886f5939bf817508a7e869b8353931a4c1419e4bffa0bdd795691a5b17;demo-september-2026-v1-stops-v1;demo-01;2026-09-01T20:00:00Z;2026-09-01T21:00:00Z;610;610;10;10;0.9384615384615385;0.9384615384615385;13;observed_vehicle_profile;true;forecast;route;;;;;
calc_4a2e04886f5939bf817508a7e869b8353931a4c1419e4bffa0bdd795691a5b17;demo-september-2026-v1-stops-v1;demo-01;2026-09-01T20:00:00Z;2026-09-01T21:00:00Z;36.36186672391764;36.36186672391764;10;10;0.303015556032647;0.303015556032647;5;observed_vehicle_profile;true;forecast;route_stop;demo-01-out;demo-01-out-1;demo-01-stop-1;1;synthetic_mock
calc_4a2e04886f5939bf817508a7e869b8353931a4c1419e4bffa0bdd795691a5b17;demo-september-2026-v1-stops-v1;demo-01;2026-09-01T20:00:00Z;2026-09-01T21:00:00Z;115.11959033894492;115.11959033894492;10;10;0.9593299194912076;0.9593299194912076;13;observed_vehicle_profile;true;forecast;route_stop;demo-01-out;demo-01-out-2;demo-01-stop-2;2;synthetic_mock
calc_4a2e04886f5939bf817508a7e869b8353931a4c1419e4bffa0bdd795691a5b17;demo-september-2026-v1-stops-v1;demo-01;2026-09-01T20:00:00Z;2026-09-01T21:00:00Z;194.04590562285637;194.04590562285637;10;10;1.617049213523803;1.617049213523803;22;observed_vehicle_profile;true;forecast;route_stop;demo-01-out;demo-01-out-3;demo-01-stop-3;3;synthetic_mock
